transport,benchmark,payload_bytes,bytes_or_roundtrips,repeat,seconds,MB_per_s,MiB_per_s,roundtrips_per_s,mean_rtt_us,write_ops,ops_per_s
pair,throughput,65536,54942760960,1,3.000018,18314.144,17465.729,,,838360,279451.657
pair,throughput,65536,59504328704,2,3.000015,19834.677,18915.822,,,907964,302653.153
pair,throughput,65536,59724267520,3,3.000008,19908.036,18985.783,,,911320,303772.523
pair,throughput,65536,59620982784,4,3.000007,19873.615,18952.956,,,909744,303247.292
pair,throughput,65536,58173423616,5,3.000004,19391.115,18492.809,,,887656,295884.939
pair,latency,64,10000,1,0.012198,,,819806.526,1.220,10000,819806.526
pair,latency,64,10000,2,0.012279,,,814398.567,1.228,10000,814398.567
pair,latency,64,10000,3,0.012302,,,812875.955,1.230,10000,812875.955
pair,latency,64,10000,4,0.012130,,,824402.308,1.213,10000,824402.308
pair,latency,64,10000,5,0.012251,,,816259.897,1.225,10000,816259.897
pair,operations,64,527810560,1,3.000177,175.926,167.777,,,8247040,2748851.151
pair,operations,64,524402688,2,3.000093,174.795,166.698,,,8193792,2731179.333
pair,operations,64,537952256,3,3.000091,179.312,171.005,,,8405504,2801749.680
pair,operations,64,538558464,4,3.000111,179.513,171.197,,,8414976,2804888.219
pair,operations,64,536854528,5,3.000111,178.945,170.655,,,8388352,2796013.881
named,throughput,65536,57494994944,1,3.000043,19164.724,18276.905,,,877304,292430.475
named,throughput,65536,57698418688,2,3.000039,19232.556,18341.595,,,880408,293465.518
named,throughput,65536,57664077824,3,3.000034,19221.141,18330.709,,,879884,293291.343
named,throughput,65536,57660407808,4,3.000046,19219.841,18329.469,,,879828,293271.503
named,throughput,65536,57767624704,5,3.000032,19255.670,18363.637,,,881464,293818.199
named,latency,64,10000,1,0.012326,,,811293.201,1.233,10000,811293.201
named,latency,64,10000,2,0.012320,,,811688.312,1.232,10000,811688.312
named,latency,64,10000,3,0.012256,,,815926.893,1.226,10000,815926.893
named,latency,64,10000,4,0.012194,,,820075.447,1.219,10000,820075.447
named,latency,64,10000,5,0.012241,,,816926.722,1.224,10000,816926.722
named,operations,64,537165824,1,3.000038,179.053,170.758,,,8393216,2797703.229
named,operations,64,537739264,2,3.000121,179.239,170.936,,,8402176,2800612.375
named,operations,64,537296896,3,3.000034,179.097,170.800,,,8395264,2798389.618
named,operations,64,537001984,4,3.000096,178.995,170.703,,,8390656,2796795.836
named,operations,64,537952256,5,3.000090,179.312,171.005,,,8405504,2801750.614
